{"blocks":[{"x":620,"y":230,"text":"Обьявим переменные:\nsumm = 0\nnumbers_integers = пустая строка\nlist_insert_numbers = пустая строка\n","width":420,"height":80,"type":"Блок","isMenuBlock":false,"fontSize":14,"textHeight":14,"isBold":false,"isItalic":false,"textAlign":"center","labelsPosition":1},{"x":620,"y":340,"text":"Ввод: num ","width":120,"height":40,"type":"Ввод / вывод","isMenuBlock":false,"fontSize":14,"textHeight":14,"isBold":false,"isItalic":false,"textAlign":"center","labelsPosition":1},{"x":620,"y":480,"text":"вывод: введите число с","width":140,"height":40,"type":"Ввод / вывод","isMenuBlock":false,"fontSize":14,"textHeight":14,"isBold":false,"isItalic":false,"textAlign":"center","labelsPosition":1},{"x":620,"y":560,"text":"ввод: число c","width":120,"height":40,"type":"Ввод / вывод","isMenuBlock":false,"fontSize":14,"textHeight":14,"isBold":false,"isItalic":false,"textAlign":"center","labelsPosition":1},{"x":620,"y":660,"text":"numbers_integers = numbers_integrs+ преобразованное \nв целое число - c ","width":340,"height":100,"type":"Блок","isMenuBlock":false,"fontSize":14,"textHeight":14,"isBold":false,"isItalic":false,"textAlign":"center","labelsPosition":1},{"x":640,"y":770,"text":"list_insert_numbers = list_insert_numbers + c","width":340,"height":60,"type":"Блок","isMenuBlock":false,"fontSize":14,"textHeight":14,"isBold":false,"isItalic":false,"textAlign":"center","labelsPosition":1},{"x":640,"y":860,"text":"summ = summ + преобразованное в целое число - с .","width":340,"height":40,"type":"Блок","isMenuBlock":false,"fontSize":14,"textHeight":14,"isBold":false,"isItalic":false,"textAlign":"center","labelsPosition":1},{"x":640,"y":930,"text":"вывод: Все целые части числа подряд: numbers_integers","width":400,"height":40,"type":"Ввод / вывод","isMenuBlock":false,"fontSize":14,"textHeight":14,"isBold":false,"isItalic":false,"textAlign":"center","labelsPosition":1},{"x":640,"y":1000,"text":"вывод: Введенные вами числа: list_insert_numbers;","width":380,"height":40,"type":"Ввод / вывод","isMenuBlock":false,"fontSize":14,"textHeight":14,"isBold":false,"isItalic":false,"textAlign":"center","labelsPosition":1},{"x":640,"y":1070,"text":"вывод: Сумма целых частей введенных вами чисел: summ","width":360,"height":60,"type":"Ввод / вывод","isMenuBlock":false,"fontSize":14,"textHeight":14,"isBold":false,"isItalic":false,"textAlign":"center","labelsPosition":1},{"x":640,"y":1140,"text":"конец","width":100,"height":30,"type":"Начало / конец","isMenuBlock":false,"fontSize":14,"textHeight":14,"isBold":false,"isItalic":false,"textAlign":"center","labelsPosition":1},{"x":620,"y":410,"text":"i от 0 до i < num; шаг 1","width":140,"height":40,"type":"Цикл for","isMenuBlock":false,"fontSize":14,"textHeight":14,"isBold":false,"isItalic":false,"textAlign":"center","labelsPosition":1},{"x":620,"y":110,"text":"начало","width":100,"height":30,"type":"Начало / конец","isMenuBlock":false,"fontSize":14,"textHeight":14,"isBold":false,"isItalic":false,"textAlign":"center","labelsPosition":1}],"arrows":[{"startIndex":12,"endIndex":0,"startConnectorIndex":2,"endConnectorIndex":0,"nodes":[{"x":620,"y":125},{"x":620,"y":170},{"x":620,"y":190}],"counts":[1,1,1]},{"startIndex":0,"endIndex":1,"startConnectorIndex":2,"endConnectorIndex":0,"nodes":[{"x":620,"y":270},{"x":620,"y":300},{"x":620,"y":320}],"counts":[1,1,1]},{"startIndex":1,"endIndex":11,"startConnectorIndex":2,"endConnectorIndex":0,"nodes":[{"x":620,"y":360},{"x":620,"y":370},{"x":620,"y":390}],"counts":[1,1,1]},{"startIndex":2,"endIndex":3,"startConnectorIndex":2,"endConnectorIndex":0,"nodes":[{"x":620,"y":500},{"x":620,"y":520},{"x":620,"y":540}],"counts":[1,1,1]},{"startIndex":11,"endIndex":2,"startConnectorIndex":2,"endConnectorIndex":0,"nodes":[{"x":620,"y":430},{"x":620,"y":440},{"x":620,"y":460}],"counts":[1,1,1]},{"startIndex":5,"endIndex":6,"startConnectorIndex":2,"endConnectorIndex":0,"nodes":[{"x":640,"y":800},{"x":640,"y":820},{"x":640,"y":840}],"counts":[1,1,1]},{"startIndex":7,"endIndex":8,"startConnectorIndex":2,"endConnectorIndex":0,"nodes":[{"x":640,"y":950},{"x":640,"y":960},{"x":640,"y":980}],"counts":[1,1,1]},{"startIndex":6,"endIndex":7,"startConnectorIndex":2,"endConnectorIndex":0,"nodes":[{"x":640,"y":880},{"x":640,"y":890},{"x":640,"y":910}],"counts":[1,1,1]},{"startIndex":8,"endIndex":9,"startConnectorIndex":2,"endConnectorIndex":0,"nodes":[{"x":640,"y":1020},{"x":640,"y":1020},{"x":640,"y":1040}],"counts":[1,1,1]},{"startIndex":3,"endIndex":4,"startConnectorIndex":2,"endConnectorIndex":0,"nodes":[{"x":620,"y":580},{"x":620,"y":590},{"x":620,"y":610}],"counts":[1,1,1]},{"startIndex":4,"endIndex":11,"startConnectorIndex":3,"endConnectorIndex":3,"nodes":[{"x":450,"y":660},{"x":430,"y":660},{"x":430,"y":410},{"x":530,"y":410},{"x":550,"y":410}],"counts":[1,1,1,1,1]},{"startIndex":11,"endIndex":5,"startConnectorIndex":1,"endConnectorIndex":0,"nodes":[{"x":690,"y":410},{"x":800,"y":410},{"x":800,"y":720},{"x":640,"y":720},{"x":640,"y":740}],"counts":[1,1,1,1,1]},{"startIndex":9,"endIndex":10,"startConnectorIndex":2,"endConnectorIndex":0,"nodes":[{"x":640,"y":1100},{"x":640,"y":1110},{"x":640,"y":1125}],"counts":[1,1,1]}],"x0":480.875,"y0":-19.875}