{"blocks":[{"x":560,"y":160,"text":"начало","width":100,"height":30,"type":"Начало / конец","isMenuBlock":false,"fontSize":14,"textHeight":14,"isBold":false,"isItalic":false,"textAlign":"center","labelsPosition":1},{"x":560,"y":230,"text":"price_list = пустая строка\nnum = введенное пользователем число","width":240,"height":60,"type":"Блок","isMenuBlock":false,"fontSize":14,"textHeight":14,"isBold":false,"isItalic":false,"textAlign":"center","labelsPosition":1},{"x":560,"y":330,"text":"i от 1; до i < 11;шаг 1;","width":160,"height":40,"type":"Цикл for","isMenuBlock":false,"fontSize":14,"textHeight":14,"isBold":false,"isItalic":false,"textAlign":"center","labelsPosition":1},{"x":560,"y":500,"text":"price_list = price_list + 'цена одного кг \nконфет в рублях'+ num + 'цена за' + i + \n'киллограмм конфет =' + Округление\n до двух знаков полсе запятой(i*num)","width":340,"height":200,"type":"Блок","isMenuBlock":false,"fontSize":14,"textHeight":14,"isBold":false,"isItalic":false,"textAlign":"center","labelsPosition":1},{"x":560,"y":650,"text":"вывод: price_list ","width":120,"height":40,"type":"Ввод / вывод","isMenuBlock":false,"fontSize":14,"textHeight":14,"isBold":false,"isItalic":false,"textAlign":"center","labelsPosition":1},{"x":60,"y":270,"text":"","width":100,"height":40,"type":"Блок","isMenuBlock":false,"fontSize":14,"textHeight":14,"isBold":false,"isItalic":false,"textAlign":"center","labelsPosition":1},{"x":860,"y":390,"text":"вывод: введенная вами цена","width":180,"height":80,"type":"Ввод / вывод","isMenuBlock":false,"fontSize":14,"textHeight":14,"isBold":false,"isItalic":false,"textAlign":"center","labelsPosition":1},{"x":570,"y":780,"text":"конец","width":100,"height":30,"type":"Начало / конец","isMenuBlock":false,"fontSize":14,"textHeight":14,"isBold":false,"isItalic":false,"textAlign":"center","labelsPosition":1}],"arrows":[{"startIndex":0,"endIndex":1,"startConnectorIndex":2,"endConnectorIndex":0,"nodes":[{"x":560,"y":175},{"x":560,"y":180},{"x":560,"y":200}],"counts":[1,1,1]},{"startIndex":1,"endIndex":2,"startConnectorIndex":2,"endConnectorIndex":0,"nodes":[{"x":560,"y":260},{"x":560,"y":290},{"x":560,"y":310}],"counts":[1,1,1]},{"startIndex":2,"endIndex":3,"startConnectorIndex":2,"endConnectorIndex":0,"nodes":[{"x":560,"y":350},{"x":560,"y":380},{"x":560,"y":400}],"counts":[1,1,1]},{"startIndex":3,"endIndex":4,"startConnectorIndex":2,"endConnectorIndex":0,"nodes":[{"x":560,"y":600},{"x":560,"y":610},{"x":560,"y":630}],"counts":[1,1,1]},{"startIndex":4,"endIndex":2,"startConnectorIndex":2,"endConnectorIndex":3,"nodes":[{"x":560,"y":670},{"x":560,"y":690},{"x":380,"y":690},{"x":380,"y":330},{"x":460,"y":330},{"x":480,"y":330}],"counts":[1,1,1,1,1,1]},{"startIndex":2,"endIndex":6,"startConnectorIndex":1,"endConnectorIndex":0,"nodes":[{"x":640,"y":330},{"x":860,"y":330},{"x":860,"y":350}],"counts":[1,1,1]},{"startIndex":6,"endIndex":7,"startConnectorIndex":2,"endConnectorIndex":0,"nodes":[{"x":860,"y":430},{"x":860,"y":750},{"x":570,"y":750},{"x":570,"y":765}],"counts":[1,1,1,1]}],"x0":0,"y0":-50}